"ANO";"CEA";"NOME_CEA";"NUC_RURAL";"NUC_URBANO";"NUC_TOTAL";"DEC_URBANO";"DEC_RURAL";"DEC_TOTAL_CONJUNTO";"META_DEC";"FEC_URBANO";"FEC_RURAL";"FEC_TOTAL_CONJUNTO";"META_FEC";"ATENDE_DEC";"ATENDE_FEC"
2025;14578;QUATRO BARRAS;7748;26694;34442;10.9985;44.8215;18.5585;11;8.6418;20.3891;11.2695;8;NÃO;NÃO
2024;14578;QUATRO BARRAS;7550;26315;33865;13.732;50.6215;21.86;12;9.1052;20.0504;11.5185;8;NÃO;NÃO
2023;14578;QUATRO BARRAS;7227;25749;32976;9.5195;52.6252;18.8379;12;6.3926;21.5743;9.6747;8;NÃO;NÃO
2022;14578;QUATRO BARRAS;6951;25320;32271;10.5567;44.4911;17.8447;13;10.9484;17.362;12.3252;9;NÃO;NÃO
2025;14579;PIRAQUARA;2243;23138;25317;10.5022;29.097;12.1489;9;6.0124;15.892;6.8888;7;NÃO;SIM
2024;14579;PIRAQUARA;2192;22589;24780;12.8052;27.4114;14.0896;9;9.625;11.8866;9.8238;7;NÃO;NÃO
2023;14579;PIRAQUARA;2132;22295;24426;9.984;31.7869;11.8772;9;6.43;14.8412;7.1604;7;NÃO;NÃO
2022;14579;PIRAQUARA;2065;22054;24119;10.5867;26.8257;11.9685;10;7.3336;11.2511;7.6668;8;NÃO;SIM
2025;14581;PINHAIS;68;42534;42602;4.1133;8.9211;4.1209;6;2.7924;5.1089;2.7961;5;SIM;SIM
2024;14581;PINHAIS;65;41368;41433;4.7307;31.2207;4.7708;6;3.3472;18.1557;3.3697;5;SIM;SIM
2023;14581;PINHAIS;62;40317;40377;4.8029;14.8448;4.8182;6;2.7991;7.1304;2.8056;5;SIM;SIM
2022;14581;PINHAIS;60;39420;39480;4.9389;4.482;4.9382;7;5.4957;5.4755;5.4957;6;SIM;SIM
2025;14582;MOURAO-I;3028;7511;10532;5.6736;23.2787;10.7351;14;4.1029;10.0924;5.8249;8;SIM;SIM
2024;14582;MOURAO-I;2994;7395;10380;10.3592;25.2757;14.6722;14;8.2885;12.9101;9.6255;9;NÃO;NÃO
2023;14582;MOURAO-I;2984;7282;10251;9.6043;32.1199;16.1518;15;7.4393;12.704;8.9712;9;NÃO;SIM
2022;14582;MOURAO-I;2983;7216;10199;10.223;27.408;15.2401;15;6.8489;12.3543;8.4562;10;NÃO;SIM
2025;14583;MORRETES;5291;11917;17208;10.6663;30.7654;16.8148;14;6.0416;15.1204;8.8191;10;NÃO;SIM
2024;14583;MORRETES;5182;11800;16982;12.9112;53.65;25.2722;14;9.4636;23.329;13.6735;10;NÃO;NÃO
2023;14583;MORRETES;5061;11698;16728;11.7675;43.0538;21.1553;14;9.2697;18.4633;12.0256;10;NÃO;NÃO
2022;14583;MORRETES;4970;11638;16608;11.0849;42.7804;20.4904;14;9.1842;17.119;11.5411;11;NÃO;NÃO
2025;14586;GUARAITUBA;1594;40172;41764;4.3106;17.5829;4.8138;6;3.8935;10.4168;4.141;6;SIM;SIM
2024;14586;GUARAITUBA;1543;39406;40949;8.0813;22.3637;8.6158;6;7.5792;14.5917;7.8415;6;NÃO;NÃO
2023;14586;GUARAITUBA;1504;38723;40227;5.1898;16.295;5.6023;7;5.9478;12.622;6.1954;6;SIM;NÃO
2022;14586;GUARAITUBA;1454;38243;39692;6.8389;15.3037;7.1467;7;7.066;9.5951;7.1582;7;NÃO;NÃO
2025;14588;CAMPO DO ASSOBIO;3764;4674;8406;10.3514;34.9581;21.3693;15;6.0477;15.7663;10.4005;9;NÃO;NÃO
2024;14588;CAMPO DO ASSOBIO;3676;4488;8164;4.541;36.8525;19.0293;15;2.1202;17.1437;8.855;9;NÃO;SIM
2023;14588;CAMPO DO ASSOBIO;3512;4330;7842;9.1295;27.6625;17.3678;15;6.0469;14.0908;9.6181;10;NÃO;SIM
2022;14588;CAMPO DO ASSOBIO;3400;4232;7632;7.5601;28.8105;17.0339;15;5.6019;13.2635;9.019;10;NÃO;SIM
2025;14591;DISTRITO IND. SJP;2624;15811;18409;6.3267;32.7617;10.0475;9;5.1861;15.2769;6.6063;7;NÃO;SIM
2024;14591;DISTRITO IND. SJP;2495;15432;17912;6.76;44.3651;11.8851;10;5.5829;19.6968;7.5102;7;NÃO;NÃO
2023;14591;DISTRITO IND. SJP;2376;15168;17523;7.9819;36.1927;11.745;10;6.0907;15.6237;7.3641;7;NÃO;NÃO
2022;14591;DISTRITO IND. SJP;2296;14910;17191;5.2406;33.9031;9.0348;11;3.9615;14.8343;5.4002;8;SIM;SIM
2025;14592;CENTRO;0;16452;16452;0.0276;0;0.0276;2;0.0099;0;0.0099;2;SIM;SIM
2024;14592;CENTRO;0;16211;16211;0.0185;0;0.0185;2;0.0101;0;0.0101;2;SIM;SIM
2023;14592;CENTRO;0;16139;16139;0.015;0;0.015;2;0.008;0;0.008;2;SIM;SIM
2022;14592;CENTRO;0;15911;15911;0.0157;0;0.0157;2;0.0101;0;0.0101;2;SIM;SIM
2025;14593;GOV. PARIGOT DE SOUZA;4406;1385;5778;34.8573;60.5939;54.4336;45;16.7505;19.6221;18.9361;23;NÃO;SIM
2024;14593;GOV. PARIGOT DE SOUZA;4343;1376;5714;13.4278;72.9791;58.6812;47;5.7993;19.0398;15.8612;25;NÃO;SIM
2023;14593;GOV. PARIGOT DE SOUZA;4297;1398;5671;19.7044;77.3086;63.1847;49;15.8479;20.5973;19.4361;27;NÃO;SIM
2022;14593;GOV. PARIGOT DE SOUZA;4241;1384;5623;25.5062;107.702;87.3299;51;14.1108;23.4637;21.1435;28;NÃO;SIM
2025;14600;SALTO DO MEIO;5108;4187;9294;14.2439;49.3349;33.5367;25;10.6006;18.922;15.1776;13;NÃO;NÃO
2024;14600;SALTO DO MEIO;4988;4072;9059;17.084;49.6722;34.9504;25;13.8597;20.2386;17.3576;13;NÃO;NÃO
2023;14600;SALTO DO MEIO;5354;4016;8865;25.3044;60.4273;46.254;25;16.9206;24.2202;21.2857;14;NÃO;NÃO
2022;14600;SALTO DO MEIO;5249;3445;8686;19.777;60.7328;44.4991;25;17.8682;26.438;23.0403;14;NÃO;NÃO
2025;14603;TOMAZ COELHO;11;13581;13592;4.9078;7.15;4.9096;7;2.9034;4.4545;2.9047;4;SIM;SIM
2024;14603;TOMAZ COELHO;11;13233;13243;4.8305;9.7244;4.8347;7;4.4275;7.3;4.43;4;SIM;NÃO
2023;14603;TOMAZ COELHO;10;12985;12995;4.888;12.9967;4.8943;7;4.1012;10.5;4.1062;5;SIM;SIM
2022;14603;TOMAZ COELHO;10;12618;12628;3.6778;41.5017;3.7079;8;2.862;11.5;2.8689;5;SIM;SIM
2025;14611;SAO CRISTOVAO;226;36951;37177;3.7108;31.2386;3.8733;5;3.1386;9.9044;3.1786;4;SIM;SIM
2024;14611;SAO CRISTOVAO;209;35776;35985;3.9659;13.4908;4.0178;5;2.8781;7.4871;2.9035;4;SIM;SIM
2023;14611;SAO CRISTOVAO;182;34700;34882;4.4097;37.5527;4.5688;6;3.7356;10.3002;3.7668;5;SIM;SIM
2022;14611;SAO CRISTOVAO;159;33596;33754;4.4422;25.8355;4.5391;6;4.2782;9.7274;4.3033;5;SIM;SIM
2025;14619;SOCORRO;3165;8792;11957;5.1104;28.7004;11.346;15;2.8049;10.9526;4.9592;9;SIM;SIM
2024;14619;SOCORRO;3092;8664;11749;5.6668;28.8411;11.7585;16;2.8272;9.4958;4.5806;10;SIM;SIM
2023;14619;SOCORRO;3035;8546;11581;7.1504;30.1708;13.1326;16;4.1568;10.0536;5.6892;10;SIM;SIM
2022;14619;SOCORRO;2946;8457;11403;10.9082;31.8921;16.3224;17;13.5587;20.0858;15.2422;11;SIM;NÃO
2025;14621;JARDIM TROPICAL;442;69614;70056;4.2859;4.9401;4.29;5;3.9152;3.8387;3.9147;4;SIM;SIM
2024;14621;JARDIM TROPICAL;421;67723;68144;3.6527;7.0606;3.6735;5;3.0711;4.2392;3.0783;4;SIM;SIM
2023;14621;JARDIM TROPICAL;378;66090;66468;4.8337;6.8392;4.8451;6;2.6327;4.7436;2.6446;5;SIM;SIM
2022;14621;JARDIM TROPICAL;358;64437;64795;3.3218;7.3378;3.3432;6;2.7341;6.1009;2.7523;5;SIM;SIM
2025;14622;SANTO ANTONIO DO SUDOESTE;4232;13109;17339;7.0594;27.0791;11.9744;13;5.0581;12.2342;6.8198;8;SIM;SIM
2024;14622;SANTO ANTONIO DO SUDOESTE;4188;12891;17079;7.6605;36.4573;14.7465;13;4.5464;15.5011;7.2418;8;NÃO;SIM
2023;14622;SANTO ANTONIO DO SUDOESTE;4170;12725;16893;7.6344;36.6493;14.7872;13;4.8515;14.4179;7.2095;9;NÃO;SIM
2022;14622;SANTO ANTONIO DO SUDOESTE;4233;12600;16707;14.1492;51.2854;23.3319;14;5.9376;18.2724;8.9899;9;NÃO;SIM
2025;14623;SANTO ANTONIO DA PLATINA;3152;20366;23518;5.5497;18.6973;7.3124;10;3.5654;6.5377;3.9641;7;SIM;SIM
2024;14623;SANTO ANTONIO DA PLATINA;3110;20109;23217;7.7682;20.1761;9.4244;10;5.1194;7.5146;5.4389;7;SIM;SIM
2023;14623;SANTO ANTONIO DA PLATINA;3062;19942;23001;4.263;19.9391;6.3471;10;3.1368;6.3951;3.57;7;SIM;SIM
2022;14623;SANTO ANTONIO DA PLATINA;3028;19786;22811;3.0401;16.3376;4.7984;11;3.0666;7.2874;3.6247;8;SIM;SIM
2025;14624;SABARA;650;41319;41969;5.1325;17.0897;5.2964;6;3.5965;8.029;3.6566;5;SIM;SIM
2024;14624;SABARA;510;40829;41339;6.556;25.1887;6.7864;6;5.8325;9.0638;5.8725;5;NÃO;NÃO
2023;14624;SABARA;504;40027;40529;6.1049;25.836;6.3478;6;4.3632;7.851;4.4061;6;NÃO;SIM
2022;14624;SABARA;488;39165;39649;5.048;14.0173;5.1594;7;4.9678;8.2427;5.0088;6;SIM;SIM
2025;14626;ROLANDIA;2085;30326;32411;3.3214;6.4756;3.5247;5;2.5051;2.0253;2.4742;4;SIM;SIM
2024;14626;ROLANDIA;2045;29778;31814;2.8127;6.852;3.0751;5;2.2722;2.2802;2.2732;4;SIM;SIM
2023;14626;ROLANDIA;2046;29220;31266;2.9906;7.6236;3.2943;6;3.5756;4.5904;3.6421;5;SIM;SIM
2022;14626;ROLANDIA;2030;28696;30726;2.9992;6.9628;3.2608;6;2.7397;5.0172;2.8899;5;SIM;SIM
2025;14627;RIO AZUL;7847;8564;16411;4.8324;19.0671;11.6642;19;4.3123;9.7283;6.9107;11;SIM;SIM
2024;14627;RIO AZUL;7743;8386;16129;5.8515;24.9156;15.026;20;5.1792;14.5029;9.6642;11;SIM;SIM
2023;14627;RIO AZUL;7800;8228;15869;9.5404;21.7226;15.5253;21;7.8903;12.8459;10.3285;12;SIM;SIM
2022;14627;RIO AZUL;7730;7885;15597;6.6747;22.0989;14.3541;21;4.621;11.5303;8.0603;12;SIM;SIM
2025;14628;REALEZA;18860;44716;63576;6.4998;28.1063;12.9489;11;5.2056;13.7028;7.7415;8;NÃO;SIM
2024;14628;REALEZA;18697;43878;62560;7.9334;27.8501;13.9115;12;6.7651;13.3869;8.7525;9;NÃO;SIM
2023;14628;REALEZA;18621;43213;61834;6.764;27.684;13.0809;12;5.5667;14.1063;8.1457;9;NÃO;SIM
2022;14628;REALEZA;18743;42777;61369;7.4887;31.354;14.7498;13;7.5679;17.4041;10.56;10;NÃO;NÃO
2025;14629;QUEDAS DO IGUACU;5776;13278;19054;6.6042;26.9099;12.7415;16;5.6746;12.7425;7.8109;9;SIM;SIM
2024;14629;QUEDAS DO IGUACU;5673;13106;18779;9.6189;35.4731;17.4419;17;7.8772;16.5438;10.4993;10;NÃO;NÃO
2023;14629;QUEDAS DO IGUACU;5649;12993;18630;7.7324;25.2353;13.0345;18;6.7659;9.0365;7.4551;10;SIM;SIM
2022;14629;QUEDAS DO IGUACU;5645;12966;18604;7.7405;30.1467;14.5362;18;4.6544;10.9594;6.5667;11;SIM;SIM
2025;14631;PORTO;1;3609;3610;1.1179;4.75;1.1191;6;0.8695;3;0.8702;5;SIM;SIM
2024;14631;PORTO;0;3550;3550;1.5248;0;1.5248;6;1.4136;0;1.4136;5;SIM;SIM
2023;14631;PORTO;0;3520;3520;2.5138;0;2.5138;6;2.4057;0;2.4057;5;SIM;SIM
2022;14631;PORTO;0;3497;3497;4.2556;0;4.2556;6;2.2093;0;2.2093;5;SIM;SIM
2025;14632;PITANGA;14530;17777;32249;6.7355;30.5683;17.4956;19;6.5695;17.2517;11.388;10;SIM;NÃO
2024;14632;PITANGA;14478;17414;31892;8.7383;37.1457;21.6604;19;7.916;19.3759;13.1259;11;NÃO;NÃO
2023;14632;PITANGA;14424;17219;31643;11.4049;41.2106;25.0069;20;10.0428;21.501;15.2727;11;NÃO;NÃO
2022;14632;PITANGA;14263;16949;31212;9.0821;44.9321;25.5045;20;8.2065;20.2414;13.7196;12;NÃO;NÃO
2025;14633;TAFISA;14841;7223;20612;9.2252;18.1421;15.5816;18;9.798;13.5139;12.4423;10;SIM;NÃO
2024;14633;TAFISA;14603;5662;20265;15.6754;25.6522;22.8373;18;17.7522;21.0139;20.0936;10;NÃO;NÃO
2023;14633;TAFISA;14287;5539;19551;11.8922;24.9404;21.3946;19;11.2914;14.7912;13.8397;11;NÃO;NÃO
2022;14633;TAFISA;13787;5186;18973;12.4652;29.3396;24.7037;19;14.8635;20.3266;18.8255;11;NÃO;NÃO
2025;14634;PARANAVAI;4960;60610;65570;4.387;24.9418;5.9392;7;2.7905;10.2331;3.3526;5;SIM;SIM
2024;14634;PARANAVAI;6701;59635;64507;4.7564;22.7524;6.4405;7;4.4724;11.1427;5.0865;5;SIM;NÃO
2023;14634;PARANAVAI;6634;56907;63541;5.0583;21.0063;6.723;7;4.1406;8.414;4.5867;6;SIM;SIM
2022;14634;PARANAVAI;6553;56127;62680;5.6865;18.9722;7.0798;8;4.6377;8.9229;5.0871;6;SIM;SIM
2025;14635;PARANAGUA;1;30698;30699;4.0737;4.3333;4.0737;7;2.7784;3;2.7784;5;SIM;SIM
2024;14635;PARANAGUA;1;30595;30596;3.8948;5.2333;3.8949;7;2.6813;7;2.6814;5;SIM;SIM
2023;14635;PARANAGUA;1;30559;30560;5.244;2.7167;5.2439;7;3.2984;5;3.2984;6;SIM;SIM
2022;14635;PARANAGUA;1;30482;30483;5.7783;3.5833;5.7782;7;2.5981;3;2.5981;6;SIM;SIM
2025;14636;PALOTINA;2540;18862;21402;7.8285;29.4403;10.4087;8;6.7247;12.7381;7.443;6;NÃO;NÃO
2024;14636;PALOTINA;2504;18393;20897;7.5419;30.4016;10.2978;8;6.6638;13.7846;7.5226;6;NÃO;NÃO
2023;14636;PALOTINA;2533;17932;20400;8.6393;38.8443;12.3864;8;7.4131;17.1348;8.6196;6;NÃO;NÃO
2022;14636;PALOTINA;2469;17510;19979;5.877;29.386;8.7871;9;2.8558;13.2782;4.1461;7;SIM;SIM
2025;14637;PALMAS;1767;15461;17227;4.8351;46.9206;8.9754;11;3.055;15.008;4.2295;8;SIM;SIM
2024;14637;PALMAS;1589;15347;16928;5.8189;76.6708;12.4798;11;5.0569;20.401;6.4987;8;NÃO;SIM
2023;14637;PALMAS;1585;15311;16893;8.0733;65.9863;13.5005;11;7.4324;22.5971;8.8545;8;NÃO;NÃO
2022;14637;PALMAS;1577;15276;16846;10.9248;69.6053;16.3669;12;6.9831;25.395;8.6905;9;NÃO;SIM
2025;14638;PALMEIRA;5707;11989;17696;5.7825;12.0293;7.8059;14;4.6576;6.2078;5.1588;8;SIM;SIM
2024;14638;PALMEIRA;5631;11686;17313;3.6252;15.7532;7.584;15;2.2454;9.0478;4.4664;8;SIM;SIM
2023;14638;PALMEIRA;5554;11410;16964;5.578;15.7251;8.9003;15;4.5657;6.7761;5.2897;9;SIM;SIM
2022;14638;PALMEIRA;5430;11159;16589;4.3882;17.3062;8.6261;16;2.1833;7.9358;4.0722;9;SIM;SIM
2025;14640;OLIMPICO;52;50799;50848;3.1782;3.3672;3.1784;5;1.9775;2.7834;1.9784;4;SIM;SIM
2024;14640;OLIMPICO;55;49805;49856;3.7982;16.8194;3.8121;5;2.6952;7.2321;2.7;4;SIM;SIM
2023;14640;OLIMPICO;55;48763;48817;2.8972;16.2851;2.9115;6;1.7548;5.8193;1.7591;5;SIM;SIM
2022;14640;OLIMPICO;50;47670;47718;3.019;2.6771;3.0187;6;2.1373;0.6491;2.1357;5;SIM;SIM
2025;14642;LARANJEIRAS DO SUL;16000;29198;45180;8.0848;36.061;18.0346;17;5.8151;16.2901;9.5393;9;NÃO;NÃO
2024;14642;LARANJEIRAS DO SUL;15993;28665;44557;7.2797;34.5994;17.0987;17;6.6056;17.4639;10.5034;10;NÃO;NÃO
2023;14642;LARANJEIRAS DO SUL;16057;28257;44236;7.2363;40.7494;19.4131;18;6.5797;19.4171;11.2435;10;NÃO;NÃO
2022;14642;LARANJEIRAS DO SUL;16056;27836;43892;8.2895;41.7916;20.5983;18;6.7636;16.9442;10.5043;11;NÃO;SIM
2025;14644;MATINHOS;164;30058;30222;4.9265;11.6573;4.9622;6;2.4765;4.4749;2.4871;6;SIM;SIM
2024;14644;MATINHOS;162;29594;29756;5.2011;8.8727;5.2203;6;2.974;3.8945;2.9789;6;SIM;SIM
2023;14644;MATINHOS;157;29089;29242;6.2243;49.5853;6.4514;6;6.7957;17.6472;6.8523;7;NÃO;SIM
2022;14644;MATINHOS;156;28622;28778;7.4852;38.4284;7.6486;6;5.871;12.0407;5.9035;7;NÃO;SIM
2025;14645;MARECHAL CANDIDO RONDON;7552;37529;45081;6.1087;20.9733;8.603;9;4.4721;10.5216;5.4874;6;SIM;SIM
2024;14645;MARECHAL CANDIDO RONDON;7418;36799;44217;6.8911;24.8577;9.9085;9;5.6676;12.129;6.753;7;NÃO;SIM
2023;14645;MARECHAL CANDIDO RONDON;7287;36120;43407;5.7186;20.3422;8.1878;10;4.8138;10.4515;5.7688;8;SIM;SIM
2022;14645;MARECHAL CANDIDO RONDON;7316;35469;42584;5.6382;20.511;8.1418;10;3.847;9.7128;4.8346;8;SIM;SIM
2025;14647;MAMBORE;4709;11255;15964;8.5895;33.5028;15.9244;14;8.3767;18.3015;11.298;8;NÃO;NÃO
2024;14647;MAMBORE;4653;11167;15819;7.0565;28.8315;13.4897;15;6.6561;16.338;9.5167;9;SIM;NÃO
2023;14647;MAMBORE;4653;11018;15658;5.7586;32.5458;13.7189;15;3.5952;14.5978;6.8647;9;SIM;SIM
2022;14647;MAMBORE;4651;10928;15579;7.4919;33.1694;15.1629;16;5.3304;14.2469;7.9938;10;SIM;SIM
2025;14650;VERA CRUZ;3423;41983;45399;4.3189;35.1555;6.6566;8;2.692;13.1425;3.4849;6;SIM;SIM
2024;14650;VERA CRUZ;3392;41244;44636;3.3776;33.4409;5.6775;8;2.9215;19.0204;4.1536;6;SIM;SIM
2023;14650;VERA CRUZ;3377;40401;43776;4.2116;38.7831;6.8837;8;5.5237;21.0832;6.7278;6;SIM;NÃO
2022;14650;VERA CRUZ;3338;39806;43144;2.7529;26.5563;4.5968;9;2.2983;16.7335;3.4164;7;SIM;SIM
2025;14651;LOANDA;10104;39363;49458;5.0177;17.8034;7.628;8;5.3823;10.5985;6.447;7;SIM;SIM
2024;14651;LOANDA;9767;38561;48328;5.387;16.4115;7.5955;9;6.0571;10.8053;7.0066;7;SIM;NÃO
2023;14651;LOANDA;9346;37916;47241;5.0724;20.6914;8.1346;9;3.4747;8.4153;4.4423;7;SIM;SIM
2022;14651;LOANDA;9021;37513;46531;5.4222;23.8182;8.9776;10;4.8979;10.9423;6.0671;8;SIM;SIM
2025;14652;LAPA;15019;17835;32854;5.8121;24.5482;14.3677;15;4.4769;14.7638;9.1742;9;SIM;NÃO
2024;14652;LAPA;14807;17636;32443;9.8813;29.277;18.7207;15;11.1968;20.4165;15.4001;10;NÃO;NÃO
2023;14652;LAPA;14414;17309;31723;6.3461;35.5212;19.5965;15;5.3406;17.8332;11.0136;10;NÃO;NÃO
2022;14652;LAPA;14128;17061;31188;8.8062;32.4362;19.4793;16;8.2201;16.3023;11.8725;11;NÃO;NÃO
2025;14653;IVAIPORA;11335;29964;41246;4.9998;22.8292;9.9085;14;3.2657;10.8617;5.3549;8;SIM;SIM
2024;14653;IVAIPORA;11166;29422;40588;5.1081;26.3428;10.9539;14;4.3824;12.5761;6.6379;9;SIM;SIM
2023;14653;IVAIPORA;11027;29016;40043;6.7418;37.2355;15.1973;15;5.1204;14.533;7.734;9;NÃO;SIM
2022;14653;IVAIPORA;10981;28666;39647;5.8901;33.4602;13.5596;15;5.7158;12.9852;7.7375;10;SIM;SIM
2025;14656;GOIOERE;3278;26150;29428;5.7729;25.8089;7.997;9;3.472;10.0824;4.2058;7;SIM;SIM
2024;14656;GOIOERE;3219;25941;29160;4.5524;25.7161;6.8657;9;3.9052;11.0474;4.6859;7;SIM;SIM
2023;14656;GOIOERE;3132;25741;28873;4.803;30.0962;7.5481;9;2.7613;9.2034;3.4604;7;SIM;SIM
2022;14656;GOIOERE;3130;25678;28806;5.089;25.0299;7.2513;10;3.5148;9.8276;4.1991;8;SIM;SIM
2025;14657;GUARATUBA;954;30877;31827;5.9188;26.597;6.5338;7;4.5561;7.5026;4.6435;6;SIM;SIM
2024;14657;GUARATUBA;935;30408;31343;6.2007;29.0719;6.882;7;3.8315;10.979;4.0441;6;SIM;SIM
2023;14657;GUARATUBA;919;29888;30801;6.0127;40.4463;7.0322;7;7.9678;25.0442;8.4734;6;NÃO;NÃO
2022;14657;GUARATUBA;903;29315;30214;6.639;68.1446;8.4745;7;4.8778;20.7713;5.3523;6;NÃO;SIM
2025;14658;FRANCISCO BELTRAO;14405;52804;67134;4.1644;27.8376;9.2904;11;3.4291;14.1569;5.7522;7;SIM;SIM
2024;14658;FRANCISCO BELTRAO;14383;51585;65963;5.546;37.7185;12.576;12;4.1098;19.3314;7.4358;7;NÃO;NÃO
2023;14658;FRANCISCO BELTRAO;14312;50841;65153;7.6282;31.9991;12.9983;12;8.0773;17.5997;10.175;7;NÃO;NÃO
2022;14658;FRANCISCO BELTRAO;14216;50025;64238;6.2054;40.4832;13.7995;13;5.5635;19.336;8.6152;8;NÃO;NÃO
2025;14659;FLORESTOPOLIS;3036;20946;23970;2.7395;18.2388;4.6663;8;1.5432;5.4042;2.0231;7;SIM;SIM
2024;14659;FLORESTOPOLIS;2912;20852;23764;5.2134;16.2862;6.5695;8;4.419;7.1562;4.7543;7;SIM;SIM
2023;14659;FLORESTOPOLIS;2893;20821;23714;3.2362;18.3314;5.0728;9;2.8095;6.594;3.2697;7;SIM;SIM
2022;14659;FLORESTOPOLIS;2848;20758;23606;3.2043;15.9271;4.7296;9;2.3605;6.6492;2.8745;8;SIM;SIM
2025;14662;FAXINAL;6518;19036;25554;6.5409;22.73;10.6632;12;4.8138;8.6758;5.7972;8;SIM;SIM
2024;14662;FAXINAL;6397;18829;25226;4.5198;19.6454;8.3468;12;3.0771;6.9761;4.0638;8;SIM;SIM
2023;14662;FAXINAL;6300;18691;24991;6.4382;23.7713;10.8063;12;5.6213;9.6286;6.631;8;SIM;SIM
2022;14662;FAXINAL;6250;18518;24767;6.8894;24.7533;11.3903;13;5.6706;10.6912;6.9356;9;SIM;SIM
2025;14664;CRISTO REI;741;21572;22281;3.3599;27.9604;4.1665;6;2.5926;9.1999;2.8098;5;SIM;SIM
2024;14664;CRISTO REI;743;21138;21877;2.3057;19.9126;2.9036;6;2.3768;7.2032;2.5406;5;SIM;SIM
2023;14664;CRISTO REI;746;20886;21619;2.7997;22.2525;3.4699;7;2.4971;7.5721;2.6723;5;SIM;SIM
2022;14664;CRISTO REI;737;20616;21353;2.4158;22.4261;3.1145;7;1.5471;8.4344;1.7879;5;SIM;SIM
2025;14665;CORNELIO PROCOPIO;5143;38665;43767;3.5617;21.7064;5.6797;8;2.2276;7.6676;2.8623;6;SIM;SIM
2024;14665;CORNELIO PROCOPIO;5029;38583;43590;4.0881;22.377;6.1822;8;2.3459;7.0642;2.8866;6;SIM;SIM
2023;14665;CORNELIO PROCOPIO;4927;38519;43446;4.6423;24.5909;6.8796;8;2.6412;7.3985;3.1754;6;SIM;SIM
2022;14665;CORNELIO PROCOPIO;4569;38202;42761;3.0849;21.6494;5.0546;9;2.514;7.8162;3.0757;7;SIM;SIM
2025;14666;COLORADO;4782;21176;25958;4.3185;17.3852;6.7198;7;3.6248;7.4658;4.3307;6;SIM;SIM
2024;14666;COLORADO;4711;21080;25791;6.1638;21.7829;9.0133;7;4.0147;7.1405;4.5849;6;NÃO;SIM
2023;14666;COLORADO;4652;20878;25528;6.714;22.0571;9.5114;7;6.9212;9.9648;7.4761;6;NÃO;NÃO
2022;14666;COLORADO;4638;20741;25379;4.8693;12.2514;6.2127;8;3.3816;5.3936;3.7478;7;SIM;SIM
2025;14667;CIDADE GAUCHA;4151;12228;16378;5.5189;20.3016;9.232;10;5.0859;10.4495;6.4324;7;SIM;SIM
2024;14667;CIDADE GAUCHA;4007;12194;16201;5.664;17.9782;8.6618;10;4.5552;8.2716;5.4593;8;SIM;SIM
2023;14667;CIDADE GAUCHA;3828;12057;15873;6.105;19.1972;9.2397;11;4.7217;9.4158;5.8439;8;SIM;SIM
2022;14667;CIDADE GAUCHA;3739;12042;15775;4.6047;17.0673;7.5373;11;4.0721;8.3554;5.081;9;SIM;SIM
2025;14668;CASCAVEL;5144;40562;45706;6.199;36.5738;9.6271;9;5.3114;21.7803;7.1695;7;NÃO;NÃO
2024;14668;CASCAVEL;5050;39546;44596;8.4443;46.8142;12.7957;9;8.4567;30.3862;10.9437;7;NÃO;NÃO
2023;14668;CASCAVEL;4978;38849;43826;8.2413;40.84;11.9459;10;6.4418;21.7748;8.1847;7;NÃO;NÃO
2022;14668;CASCAVEL;4951;38193;43108;6.2497;37.4127;9.8243;10;6.5883;19.8571;8.1099;8;SIM;NÃO
2025;14670;GUAIRA;2723;22601;25324;9.2956;26.5009;11.137;8;6.8184;10.9178;7.2574;6;NÃO;NÃO
2024;14670;GUAIRA;2654;22209;24863;6.8663;24.3142;8.7212;9;4.6074;10.6593;5.2509;6;SIM;SIM
2023;14670;GUAIRA;2601;21952;24553;6.5606;28.1815;8.8453;9;5.1816;10.6251;5.7566;7;SIM;SIM
2022;14670;GUAIRA;2592;21848;24440;10.1122;35.2646;12.7572;10;6.0145;12.5354;6.6993;7;NÃO;SIM
2025;14671;IBIPORA;2892;36749;39641;3.3934;26.7205;5.0911;7;3.3181;9.1756;3.7445;6;SIM;SIM
2024;14671;IBIPORA;2809;35932;38741;3.4768;16.9674;4.4609;8;3.2883;9.4608;3.7393;6;SIM;SIM
2023;14671;IBIPORA;2779;34727;37506;3.4066;19.6093;4.602;8;2.9384;8.6145;3.3571;6;SIM;SIM
2022;14671;IBIPORA;2719;33874;36593;3.36;19.8148;4.5806;9;2.4375;8.1476;2.8607;7;SIM;SIM
2025;14672;CIANORTE;10393;59131;69524;6.454;19.2837;8.3324;8;5.8975;11.6721;6.7436;6;NÃO;NÃO
2024;14672;CIANORTE;9780;58612;68392;5.6762;17.6917;7.3225;9;5.5808;9.209;6.0787;6;SIM;NÃO
2023;14672;CIANORTE;8936;58195;67131;4.5312;19.2473;6.4574;9;4.7554;10.423;5.4967;6;SIM;SIM
2022;14672;CIANORTE;8555;57852;66407;3.9895;14.6838;5.3523;10;2.9769;7.3991;3.5404;7;SIM;SIM
2025;14676;CLEVELANDIA;2455;9443;11893;7.8295;50.4235;16.6508;12;5.5747;22.9287;9.1693;9;NÃO;NÃO
2024;14676;CLEVELANDIA;2438;9285;11722;12.0998;57.123;21.5029;12;9.6323;24.5449;12.7468;9;NÃO;NÃO
2023;14676;CLEVELANDIA;2430;9166;11596;7.1891;58.7281;17.9852;13;5.9223;22.4661;9.3878;9;NÃO;NÃO
2022;14676;CLEVELANDIA;2417;9116;11533;12.7097;65.5947;23.7815;13;10.6788;30.611;14.8517;10;NÃO;NÃO
2025;14678;CASTRO;10509;29943;40056;7.1882;43.0229;16.4904;11;5.5433;18.9981;9.0333;7;NÃO;NÃO
2024;14678;CASTRO;10351;29165;39516;7.5329;36.8895;15.2564;11;5.8486;16.6992;8.7037;7;NÃO;NÃO
2023;14678;CASTRO;10286;28740;39026;6.1741;50.7113;17.9329;11;4.7969;20.4988;8.9433;8;NÃO;NÃO
2022;14678;CASTRO;10159;28338;38481;6.741;53.5498;19.0994;12;6.1779;26.6728;11.5885;8;NÃO;NÃO
2025;14680;PONTA GROSSA SUL;1103;14509;15612;8.3083;39.36;10.3152;9;5.4437;14.9792;6.0616;7;NÃO;SIM
2024;14680;PONTA GROSSA SUL;938;13848;14782;11.7887;37.7755;13.4531;9;10.643;16.0764;10.9905;7;NÃO;NÃO
2023;14680;PONTA GROSSA SUL;925;13363;14286;7.0918;54.0642;10.1581;9;4.5397;16.3543;5.3115;7;NÃO;SIM
2022;14680;PONTA GROSSA SUL;919;13059;13975;6.6883;51.1079;9.6385;10;5.8285;17.165;6.5815;8;SIM;SIM
2025;14682;SANTOS DUMONT;8425;64340;72765;4.08;18.283;5.6402;7;2.9911;7.2456;3.4585;5;SIM;SIM
2024;14682;SANTOS DUMONT;7512;63930;71442;5.6023;19.4199;7.0225;8;4.0125;9.0178;4.5259;5;SIM;SIM
2023;14682;SANTOS DUMONT;7089;63235;70309;4.8609;19.5752;6.3223;8;3.6808;8.4293;4.1517;6;SIM;SIM
2022;14682;SANTOS DUMONT;6787;62680;69467;4.8116;18.9223;6.1632;9;3.937;9.0648;4.428;6;SIM;SIM
2025;14683;CEU AZUL;4539;15299;19838;6.8672;28.6946;11.8699;15;5.1047;14.4101;7.2379;9;SIM;SIM
2024;14683;CEU AZUL;4463;15034;19495;7.8395;27.9437;12.4435;15;5.8697;11.4863;7.1558;9;SIM;SIM
2023;14683;CEU AZUL;4395;14809;19204;4.7285;24.7309;9.315;15;3.3485;10.4738;4.9819;10;SIM;SIM
2022;14683;CEU AZUL;4352;14620;18972;6.9835;31.7521;12.6615;15;4.772;12.4556;6.5335;10;SIM;SIM
2025;14684;CAMPO LARGO;4332;3058;7385;9.2982;24.5384;18.2148;16;6.2496;10.3901;8.6729;9;NÃO;SIM
2024;14684;CAMPO LARGO;4272;3029;7301;15.3683;36.0488;27.4371;17;9.1692;14.6375;12.3604;10;NÃO;NÃO
2023;14684;CAMPO LARGO;4181;2996;7172;10.4264;36.1338;25.3778;17;7.8867;11.514;9.9911;10;NÃO;SIM
2022;14684;CAMPO LARGO;4100;2986;7086;10.4233;16.5931;13.9991;18;7.2144;8.787;8.1273;11;SIM;SIM
2025;14686;POSTO FISCAL;1879;18511;20389;5.6836;23.7979;7.3642;9;3.6926;12.2572;4.4865;7;SIM;SIM
2024;14686;POSTO FISCAL;1852;18006;19857;9.5493;36.7638;12.1116;9;5.9856;16.7449;6.9995;7;NÃO;SIM
2023;14686;POSTO FISCAL;1832;17575;19407;10.5409;51.9794;14.451;9;8.4042;20.4004;9.5347;7;NÃO;NÃO
2022;14686;POSTO FISCAL;1783;17118;18898;11.0507;51.8645;14.9248;9;7.3989;17.6204;8.3692;7;NÃO;NÃO
2025;14687;SAO MATEUS DO SUL;14346;14716;29059;2.8646;11.7602;7.2638;16;1.9263;5.9541;3.9183;9;SIM;SIM
2024;14687;SAO MATEUS DO SUL;14203;14555;28758;3.5917;16.0437;9.7481;17;2.4728;8.5042;5.4545;10;SIM;SIM
2023;14687;SAO MATEUS DO SUL;13970;14338;28290;4.8341;16.119;10.3822;17;2.8457;8.3069;5.5304;10;SIM;SIM
2022;14687;SAO MATEUS DO SUL;13670;14193;27858;4.1062;16.154;10.0007;18;3.3409;9.9382;6.5687;11;SIM;SIM
2025;14691;ALTONIA;4930;23224;28154;3.3337;10.1961;4.5346;10;2.3847;5.4484;2.9208;7;SIM;SIM
2024;14691;ALTONIA;4993;22813;27645;2.7873;12.148;4.4484;10;1.9922;5.4896;2.6141;7;SIM;SIM
2023;14691;ALTONIA;4991;22275;27266;4.1532;17.8853;6.6635;10;5.7803;9.8563;6.5255;7;SIM;SIM
2022;14691;ALTONIA;4940;22016;26951;3.8997;19.3314;6.7316;11;2.5802;9.2564;3.8056;8;SIM;SIM
2025;14693;ANDIRA;2538;20661;23199;3.0526;18.2547;4.715;7;1.7788;5.719;2.2098;5;SIM;SIM
2024;14693;ANDIRA;2497;20444;22929;4.6027;19.3322;6.1889;7;3.4597;7.1243;3.8544;5;SIM;SIM
2023;14693;ANDIRA;2417;20419;22832;4.7348;20.6484;6.4146;8;2.5504;6.877;3.007;6;SIM;SIM
2022;14693;ANDIRA;2381;20363;22740;3.3451;16.7192;4.7347;8;2.1653;6.4921;2.6146;6;SIM;SIM
2025;14694;BELEM;18;51145;51162;4.1016;47.1286;4.1161;5;3.1495;13.098;3.1529;4;SIM;SIM
2024;14694;BELEM;18;50158;50175;6.1864;22.0509;6.1919;5;5.9794;16.4706;5.983;4;NÃO;NÃO
2023;14694;BELEM;16;48886;48902;4.5842;25.8248;4.591;6;4.5201;11.9304;4.5225;5;SIM;SIM
2022;14694;BELEM;15;46937;46952;4.3314;49.3467;4.346;6;4.9413;17.7333;4.9454;5;SIM;SIM
2025;14696;BELA VISTA DO PARAISO;8986;22357;31343;4.7204;19.391;8.8693;7;4.0549;8.0214;5.1742;6;NÃO;SIM
2024;14696;BELA VISTA DO PARAISO;8554;21998;30552;3.1329;14.6819;6.3359;7;3.4508;7.0995;4.463;6;SIM;SIM
2023;14696;BELA VISTA DO PARAISO;8173;21652;29825;5.1867;22.3469;9.8399;8;4.3841;10.1188;5.9366;7;NÃO;SIM
2022;14696;BELA VISTA DO PARAISO;8193;21555;29420;3.1346;13.0646;5.7944;8;2.7449;7.5746;4.0393;7;SIM;SIM
2025;14697;BANDEIRANTES;3454;23529;26983;4.2904;20.3462;6.3436;9;2.1403;4.8016;2.4805;6;SIM;SIM
2024;14697;BANDEIRANTES;3413;23310;26723;2.9967;16.9755;4.7839;9;2.3317;6.252;2.8329;6;SIM;SIM
2023;14697;BANDEIRANTES;3401;23074;26475;4.9177;18.6184;6.6735;10;4.2977;7.0407;4.6493;7;SIM;SIM
2022;14697;BANDEIRANTES;3368;23050;26418;3.5907;14.3468;4.9594;10;2.3988;5.8808;2.8419;7;SIM;SIM
2025;14698;ASTORGA;5696;31614;37301;4.2903;18.2137;6.413;7;3.1946;7.6345;3.8719;6;SIM;SIM
2024;14698;ASTORGA;5575;31043;36618;3.437;16.7461;5.435;8;2.8272;7.6232;3.5479;6;SIM;SIM
2023;14698;ASTORGA;5318;30660;35978;3.6922;15.7868;5.4684;9;4.3947;8.2174;4.956;7;SIM;SIM
2022;14698;ASTORGA;6377;30201;35334;3.2747;12.1728;4.5841;9;3.5877;6.2428;3.9694;7;SIM;SIM
2025;14699;ASSAI;3311;17136;20447;6.2224;27.7065;9.67;10;3.6259;9.1684;4.5151;8;SIM;SIM
2024;14699;ASSAI;3227;17054;20276;5.0433;21.5218;7.6718;11;2.4348;7.4261;3.2309;8;SIM;SIM
2023;14699;ASSAI;3236;16904;20108;6.2575;30.5808;10.1629;11;4.1744;9.4122;5.0159;8;SIM;SIM
2022;14699;ASSAI;3214;16732;19944;3.641;22.9327;6.753;12;2.2649;7.0178;3.0318;9;SIM;SIM
2025;15563;CAMPO COMPRIDO;777;35544;36319;4.8603;25.3015;5.2965;6;3.7443;13.3709;3.9501;5;SIM;SIM
2024;15563;CAMPO COMPRIDO;760;34969;35729;6.2536;19.9447;6.5436;6;5.6258;12.9689;5.7814;5;NÃO;NÃO
2023;15563;CAMPO COMPRIDO;748;34603;35351;5.0447;16.4064;5.283;7;4.1542;9.0679;4.2574;6;SIM;SIM
2022;15563;CAMPO COMPRIDO;734;34308;35042;4.9577;15.6983;5.1825;7;3.7755;10.5692;3.9179;6;SIM;SIM
2025;15564;CAMPINA DO SIQUEIRA;0;21937;21937;1.6454;0;1.6454;6;1.2323;0;1.2323;4;SIM;SIM
2024;15564;CAMPINA DO SIQUEIRA;0;21600;21600;2.9659;0;2.9659;6;1.5933;0;1.5933;4;SIM;SIM
2023;15564;CAMPINA DO SIQUEIRA;0;21301;21301;1.5619;0;1.5619;6;1.0176;0;1.0176;5;SIM;SIM
2022;15564;CAMPINA DO SIQUEIRA;0;20952;20952;2.7225;0;2.7225;7;1.5577;0;1.5577;5;SIM;SIM
2025;15565;IRATI;11627;31334;42957;5.9317;15.6625;8.5631;13;4.2819;8.3342;5.3777;8;SIM;SIM
2024;15565;IRATI;11420;30832;42252;5.0706;23.2851;10.0078;14;4.2133;11.376;6.1553;9;SIM;SIM
2023;15565;IRATI;11270;30231;41501;6.6942;25.0072;11.6669;14;6.1108;11.6183;7.6064;9;SIM;SIM
2022;15565;IRATI;11060;29711;40771;4.3857;16.7823;7.7476;15;4.1926;8.5665;5.3785;10;SIM;SIM
2025;15567;SANTA FELICIDADE;1274;31845;33119;4.9577;33.3985;5.9462;6;3.1013;14.1605;3.491;4;SIM;SIM
2024;15567;SANTA FELICIDADE;1131;31595;32719;4.4675;30.6672;5.3715;6;3.5452;11.287;3.812;4;SIM;SIM
2023;15567;SANTA FELICIDADE;1119;31213;32332;5.7431;43.7613;7.0553;7;3.8099;18.8698;4.3294;5;NÃO;SIM
2022;15567;SANTA FELICIDADE;1110;30910;32020;7.509;31.8957;8.3501;7;4.903;13.809;5.2102;5;NÃO;NÃO
2025;15569;SANTA HELENA;6749;17362;24111;13.9498;28.3724;17.9804;12;8.7409;11.9792;9.6461;8;NÃO;NÃO
2024;15569;SANTA HELENA;6597;17034;23626;11.0179;33.4154;17.3092;12;7.4622;14.3755;9.404;8;NÃO;NÃO
2023;15569;SANTA HELENA;6466;16700;23132;8.8229;27.3614;13.9916;12;6.5044;12.168;8.0836;9;NÃO;SIM
2022;15569;SANTA HELENA;6413;16423;22759;7.5967;31.2121;14.1887;12;6.573;14.552;8.8013;9;NÃO;SIM
2025;15570;MEDIANEIRA;4168;36594;40762;7.0758;24.9182;8.9078;10;5.0904;12.4738;5.8488;7;SIM;SIM
2024;15570;MEDIANEIRA;4110;35691;39801;7.3074;30.0309;9.6662;11;6.7991;16.2464;7.7801;7;SIM;NÃO
2023;15570;MEDIANEIRA;4482;35071;39152;5.905;23.1638;7.8693;11;5.517;12.1235;6.2637;7;SIM;SIM
2022;15570;MEDIANEIRA;4450;34087;38537;4.693;28.7525;7.4828;12;3.2091;11.898;4.2163;8;SIM;SIM
2025;15571;UMUARAMA;6885;49479;56364;5.8477;24.8483;8.1681;9;5.8266;13.807;6.8005;6;SIM;NÃO
2024;15571;UMUARAMA;6671;48644;55315;5.5165;24.8213;7.8477;9;4.9835;12.746;5.9208;6;SIM;SIM
2023;15571;UMUARAMA;6561;47819;54380;7.3522;30.7409;10.1644;9;8.3778;18.7028;9.6195;6;NÃO;NÃO
2022;15571;UMUARAMA;6387;46967;53354;5.9085;28.7087;8.6299;10;5.1626;12.926;6.0893;7;SIM;SIM
2025;15572;TAMOIO;5812;37480;43292;3.7149;11.5431;4.7543;8;3.0239;5.6144;3.3674;6;SIM;SIM
2024;15572;TAMOIO;5582;36923;42505;4.0803;12.7148;5.2044;9;3.4171;5.9629;3.7484;7;SIM;SIM
2023;15572;TAMOIO;5394;36297;41691;4.7318;18.9131;6.5519;9;3.9589;10.4798;4.7957;7;SIM;SIM
2022;15572;TAMOIO;5204;35826;41030;4.889;17.2616;6.4483;10;4.1554;8.84;4.7457;8;SIM;SIM
2025;15573;UVARANAS;0;31644;31644;1.6072;0;1.6072;5;1.2799;0;1.2799;4;SIM;SIM
2024;15573;UVARANAS;0;31407;31407;2.3518;0;2.3518;5;2.3212;0;2.3212;4;SIM;SIM
2023;15573;UVARANAS;0;31281;31281;2.9854;0;2.9854;5;2.4174;0;2.4174;4;SIM;SIM
2022;15573;UVARANAS;0;31081;31081;2.377;0;2.377;5;1.4904;0;1.4904;4;SIM;SIM
2025;15574;PONTA GROSSA NORTE;3190;35407;38594;5.3774;42.775;8.5017;10;3.7155;15.2502;4.6795;7;SIM;SIM
2024;15574;PONTA GROSSA NORTE;3142;34089;37231;4.9026;27.8306;6.8672;11;4.8251;11.2601;5.3768;7;SIM;SIM
2023;15574;PONTA GROSSA NORTE;3105;32854;35959;4.4595;62.7182;9.5809;11;3.612;23.9611;5.402;8;SIM;SIM
2022;15574;PONTA GROSSA NORTE;3031;31446;34477;4.6865;37.2527;7.5497;12;4.9589;16.3884;5.964;8;SIM;SIM
2025;15575;VILA YOLANDA;1;44165;44166;4.6822;5.55;4.6822;5;3.4886;14;3.4888;4;SIM;SIM
2024;15575;VILA YOLANDA;1;42755;42756;4.7785;1.3667;4.7785;5;3.6991;1;3.6992;4;SIM;SIM
2023;15575;VILA YOLANDA;0;42045;42045;4.0597;0;4.0597;5;3.7427;0;3.7427;5;SIM;SIM
2022;15575;VILA YOLANDA;0;41266;41266;3.7267;0;3.7267;5;2.5204;0;2.5204;5;SIM;SIM
2025;15576;PORTAL;2002;56754;58756;7.155;29.5895;7.9227;6;4.5273;14.0057;4.8518;4;NÃO;NÃO
2024;15576;PORTAL;1954;55095;57045;5.8684;41.4371;7.0979;6;3.9148;19.2671;4.4452;4;NÃO;NÃO
2023;15576;PORTAL;1934;53751;55683;6.3401;37.0071;7.4065;6;4.0936;20.699;4.6711;5;NÃO;SIM
2022;15576;PORTAL;2138;52545;54683;7.6869;36.3661;8.8063;6;6.1104;23.6006;6.7929;5;NÃO;NÃO
2025;15577;FOZ DO IGUACU;790;38785;39575;4.9837;40.6523;5.6953;6;3.6685;15.8867;3.9122;5;SIM;SIM
2024;15577;FOZ DO IGUACU;773;37893;38664;4.4052;30.8063;4.9269;6;4.6981;13.151;4.8657;5;SIM;SIM
2023;15577;FOZ DO IGUACU;737;37347;38081;4.1636;53.347;5.1149;7;4.894;17.3812;5.1355;5;SIM;NÃO
2022;15577;FOZ DO IGUACU;770;36680;37450;4.4929;48.6784;5.3857;7;3.7049;21.6243;4.067;6;SIM;SIM
2025;15578;XAXIM;0;37086;37086;3.0016;0;3.0016;5;3.5495;0;3.5495;4;SIM;SIM
2024;15578;XAXIM;0;36647;36647;3.2833;0;3.2833;5;2.7441;0;2.7441;4;SIM;SIM
2023;15578;XAXIM;0;36412;36412;1.8038;0;1.8038;6;1.1328;0;1.1328;5;SIM;SIM
2022;15578;XAXIM;0;36268;36268;2.2742;0;2.2742;5;1.7794;0;1.7794;5;SIM;SIM
2025;15579;BARIGUI;0;58847;58847;4.4153;0;4.4153;6;2.7644;0;2.7644;4;SIM;SIM
2024;15579;BARIGUI;0;58441;58441;4.6851;0;4.6851;6;3.4469;0;3.4469;4;SIM;SIM
2023;15579;BARIGUI;0;57928;57928;4.19;0;4.19;6;3.6389;0;3.6389;5;SIM;SIM
2022;15579;BARIGUI;0;57498;57498;5.0127;0;5.0127;7;4.0209;0;4.0209;5;SIM;SIM
2025;15581;CIDADE INDUSTRIAL;12;23360;23372;3.2453;0.15;3.2452;5;2.9657;1;2.9662;4;SIM;SIM
2024;15581;CIDADE INDUSTRIAL;0;22613;22613;8.0549;0;8.0549;5;5.7231;0;5.7231;4;NÃO;NÃO
2023;15581;CIDADE INDUSTRIAL;0;22415;22415;2.6915;0;2.6915;6;1.754;0;1.754;5;SIM;SIM
2022;15581;CIDADE INDUSTRIAL;0;22100;22100;3.6941;0;3.6941;6;2.6681;0;2.6681;5;SIM;SIM
2025;15584;TANGARA;2079;16710;18789;3.34;10.2653;3.994;6;3.2811;4.8507;3.4267;5;SIM;SIM
2024;15584;TANGARA;1385;16284;17664;2.1246;9.0951;2.6677;6;2.1398;6.0477;2.4452;5;SIM;SIM
2023;15584;TANGARA;1270;15973;17243;2.185;13.6867;2.7383;6;1.9023;6.4233;2.1281;5;SIM;SIM
2022;15584;TANGARA;678;15516;16194;2.4599;17.0467;3.0605;7;2.2557;9.4773;2.5537;6;SIM;SIM
2025;15585;ARAPONGAS;428;39467;39895;2.3307;16.042;2.4743;6;1.9972;8.0207;2.0602;4;SIM;SIM
2024;15585;ARAPONGAS;407;38854;39261;2.6092;12.8734;2.7123;6;2.318;5.0504;2.3454;4;SIM;SIM
2023;15585;ARAPONGAS;375;38455;38820;1.559;13.5202;1.67;6;1.1189;5.9749;1.164;5;SIM;SIM
2022;15585;ARAPONGAS;341;37947;38288;3.3838;14.4561;3.4787;7;3.2038;9.5106;3.258;5;SIM;SIM
2025;15919;PATO BRANCO;8842;52452;61294;4.5291;32.6073;8.5908;9;5.1365;17.5257;6.9288;6;SIM;NÃO
2024;15919;PATO BRANCO;8689;51469;60158;4.7276;35.0374;9.1114;9;6.3341;19.8542;8.2895;6;NÃO;NÃO
2023;15919;PATO BRANCO;8554;50593;59147;4.7408;30.5026;8.4757;10;5.5609;16.5702;7.157;7;SIM;NÃO
2022;15919;PATO BRANCO;8425;49652;58073;4.7513;38.0823;9.5874;10;4.9244;20.2968;7.1545;7;SIM;NÃO
2025;15921;SAO JOSE DOS PINHAIS;1146;31887;33024;4.8151;20.2603;5.3485;7;3.7056;10.5236;3.9412;6;SIM;SIM
2024;15921;SAO JOSE DOS PINHAIS;1108;31024;32125;4.9109;15.2457;5.2665;7;3.6588;9.1334;3.8473;6;SIM;SIM
2023;15921;SAO JOSE DOS PINHAIS;1078;30383;31461;6.3095;20.6288;6.7975;7;4.8158;9.7902;4.9857;6;SIM;SIM
2022;15921;SAO JOSE DOS PINHAIS;1035;29559;30591;3.7672;10.2747;3.9854;8;2.9038;5.9871;3.007;6;SIM;SIM
2025;15922;TARUMA;1;37725;37726;3.3585;0;3.3585;5;2.5591;0;2.5591;4;SIM;SIM
2024;15922;TARUMA;0;37276;37276;4.2556;0;4.2556;5;2.7359;0;2.7359;4;SIM;SIM
2023;15922;TARUMA;0;36801;36801;3.4601;0;3.4601;5;2.6211;0;2.6211;5;SIM;SIM
2022;15922;TARUMA;0;36378;36378;3.7835;0;3.7835;6;3.0244;0;3.0244;5;SIM;SIM
2025;15923;ATUBA;588;79518;80051;3.7818;4.7089;3.789;6;3.3723;3.9395;3.3766;4;SIM;SIM
2024;15923;ATUBA;60;78630;78689;4.7724;14.1111;4.7793;6;4.5128;6.7001;4.5144;4;SIM;NÃO
2023;15923;ATUBA;61;77313;77373;4.0188;6.5902;4.0208;6;3.4985;4.76;3.4994;5;SIM;SIM
2022;15923;ATUBA;60;76144;76202;5.7052;5.0726;5.7047;7;4.8857;5.8757;4.8864;5;SIM;SIM
2025;15924;ARAUCARIA;8182;49814;57996;4.1456;24.5146;7.0334;8;3.9579;13.8058;5.3542;6;SIM;SIM
2024;15924;ARAUCARIA;8047;48401;56448;6.403;34.1012;10.3466;8;6.2855;17.5582;7.8905;6;NÃO;NÃO
2023;15924;ARAUCARIA;7784;46889;54673;6.7554;26.7598;9.5877;9;7.2559;16.3178;8.5376;6;NÃO;NÃO
2022;15924;ARAUCARIA;7445;45359;52804;4.3263;20.41;6.5922;9;4.2514;11.9033;5.3295;6;SIM;SIM
2025;15925;ALTO DA GLORIA;1;30079;30079;1.8169;7.1833;1.8171;4;1.2468;6;1.247;4;SIM;SIM
2024;15925;ALTO DA GLORIA;0;29815;29815;1.4339;0;1.4339;4;0.9264;0;0.9264;4;SIM;SIM
2023;15925;ALTO DA GLORIA;0;29399;29399;1.526;0;1.526;4;1.3828;0;1.3828;4;SIM;SIM
2022;15925;ALTO DA GLORIA;0;28868;28868;2.8952;0;2.8952;4;2.3337;0;2.3337;4;SIM;SIM
2025;15927;UNIAO DA VITORIA;6757;27359;34116;5.1916;36.8252;11.4613;12;3.6688;13.4987;5.617;7;SIM;SIM
2024;15927;UNIAO DA VITORIA;6708;27022;33705;6.0198;40.0758;12.8009;12;4.2115;13.3797;6.0369;7;NÃO;SIM
2023;15927;UNIAO DA VITORIA;6764;26802;33490;5.8538;41.5909;13.0399;13;3.4422;15.0592;5.7778;8;NÃO;SIM
2022;15927;UNIAO DA VITORIA;6666;26542;33208;5.3578;45.6272;13.4604;13;3.714;14.2369;5.8303;8;NÃO;SIM
2025;15928;TOLEDO;3234;36499;39733;5.4051;22.2387;6.7837;7;4.3904;10.3136;4.8753;6;SIM;SIM
2024;15928;TOLEDO;3149;35240;38389;4.241;25.5407;5.9974;8;3.0555;11.7876;3.7758;6;SIM;SIM
2023;15928;TOLEDO;3093;34103;37196;3.4067;18.4986;4.6666;8;2.9671;8.7648;3.4512;6;SIM;SIM
2022;15928;TOLEDO;3087;33192;36217;3.3581;26.8528;5.3426;9;2.4905;10.2909;3.1497;7;SIM;SIM
2025;15929;TELEMACO BORBA;3752;28462;31921;6.6438;36.8906;10.1735;11;5.404;13.6431;6.3619;7;SIM;SIM
2024;15929;TELEMACO BORBA;3699;27905;31604;7.157;44.524;11.5191;12;5.3508;19.9489;7.0552;8;SIM;SIM
2023;15929;TELEMACO BORBA;3652;27843;31430;6.4832;46.7168;11.115;13;4.3903;18.5215;6.0153;8;SIM;SIM
2022;15929;TELEMACO BORBA;3564;27791;31355;7.032;47.3433;11.595;14;5.2731;18.3884;6.7579;9;SIM;SIM
2025;15930;IGAPO;1162;43795;44957;3.6445;22.3838;4.1267;5;2.4174;8.9547;2.5855;4;SIM;SIM
2024;15930;IGAPO;1111;42626;43737;2.9652;20.5208;3.413;5;1.8976;8.6458;2.0698;4;SIM;SIM
2023;15930;IGAPO;1104;42024;43128;2.825;14.0387;3.1089;5;1.8272;7.714;1.9763;4;SIM;SIM
2022;15930;IGAPO;1056;41222;42278;4.2705;12.9596;4.4865;5;3.016;5.9955;3.0902;4;SIM;SIM
2025;15932;PALERMO;0;30006;30006;2.8646;0;2.8646;5;1.8659;0;1.8659;4;SIM;SIM
2024;15932;PALERMO;0;29426;29426;2.9825;0;2.9825;5;1.8574;0;1.8574;4;SIM;SIM
2023;15932;PALERMO;0;29308;29308;1.7654;0;1.7654;5;1.5734;0;1.5734;5;SIM;SIM
2022;15932;PALERMO;0;29069;29069;2.6222;0;2.6222;5;2.3375;0;2.3375;5;SIM;SIM
2025;15933;JARDIM ALVORADA;4997;103865;108862;4.1822;16.5027;4.7385;5;3.2507;9.7094;3.5424;4;SIM;SIM
2024;15933;JARDIM ALVORADA;4786;102485;107271;3.5526;16.3498;4.1088;5;3.7664;10.8151;4.073;4;SIM;NÃO
2023;15933;JARDIM ALVORADA;4501;100960;105438;4.1547;13.393;4.5435;6;3.4746;8.8383;3.6998;4;SIM;SIM
2022;15933;JARDIM ALVORADA;4301;99511;103812;3.5538;12.2531;3.9101;6;2.4992;7.2839;2.695;4;SIM;SIM
2025;15935;ROLAND DAVIS;2;22167;22168;1.8254;18.5583;1.8264;4;1.1354;9.5;1.1359;4;SIM;SIM
2024;15935;ROLAND DAVIS;2;22152;22153;3.1758;4.6583;3.176;4;1.9837;4.5;1.9838;4;SIM;SIM
2023;15935;ROLAND DAVIS;2;22042;22043;1.4843;19.4917;1.4852;4;1.1358;7.5;1.1361;4;SIM;SIM
2022;15935;ROLAND DAVIS;0;21848;21848;1.4542;0;1.4542;4;1.4572;0;1.4572;4;SIM;SIM
2025;15936;JARDIM BANDEIRANTES;239;46560;46799;2.66;13.2942;2.7103;6;1.8946;5.862;1.9134;5;SIM;SIM
2024;15936;JARDIM BANDEIRANTES;200;46083;46283;3.4535;7.508;3.4696;6;3.1412;6.3639;3.1538;5;SIM;SIM
2023;15936;JARDIM BANDEIRANTES;164;45513;45677;3.2383;5.7554;3.2466;6;3.0576;2.4384;3.0553;5;SIM;SIM
2022;15936;JARDIM BANDEIRANTES;131;44572;44697;3.0741;16.4889;3.1098;7;2.8879;7.4344;2.8998;6;SIM;SIM
2025;15937;HORIZONTE;9;58710;58719;2.2602;9.333;2.2611;4;1.6942;2.7401;1.6944;4;SIM;SIM
2024;15937;HORIZONTE;8;56967;56975;2.9981;17.4979;3.0002;4;2.2368;5.875;2.2373;4;SIM;SIM
2023;15937;HORIZONTE;6;55369;55375;2.3118;17.59;2.3134;4;1.5645;6.9333;1.5651;4;SIM;SIM
2022;15937;HORIZONTE;5;53928;53933;3.9055;7.89;3.9059;4;2.941;3.8;2.9411;4;SIM;SIM
2025;15938;FAZENDA IGUACU;6928;27163;33706;6.6881;36.8977;12.8326;9;4.8027;19.2402;7.7424;7;NÃO;NÃO
2024;15938;FAZENDA IGUACU;6828;25964;32792;6.5781;33.6619;12.1722;9;4.7868;19.8097;7.8896;7;NÃO;NÃO
2023;15938;FAZENDA IGUACU;6616;25386;31980;6.0222;30.402;11.0448;9;4.9506;16.9832;7.4281;7;NÃO;NÃO
2022;15938;FAZENDA IGUACU;6400;24922;31322;5.6663;35.5631;11.7561;10;5.0289;19.5021;7.977;8;NÃO;SIM
2025;15939;DOIS VIZINHOS;12001;33582;45577;9.3652;31.7218;15.2859;13;8.4065;18.6126;11.1094;8;NÃO;NÃO
2024;15939;DOIS VIZINHOS;11866;32918;44784;8.628;34.9522;15.6291;13;8.3981;19.3432;11.3082;9;NÃO;NÃO
2023;15939;DOIS VIZINHOS;11818;32505;44323;6.3224;34.1649;13.779;14;5.2729;16.4407;8.2646;9;SIM;SIM
2022;15939;DOIS VIZINHOS;12745;32015;43815;7.9122;31.8904;14.5546;14;7.2691;17.1551;10.0051;10;NÃO;NÃO
2025;15940;FIGUEIRA;4077;13326;17403;5.8394;23.5776;9.9997;13;3.8362;6.982;4.5741;8;SIM;SIM
2024;15940;FIGUEIRA;4047;13135;17182;8.5628;28.2063;13.1929;14;5.9204;9.2044;6.6945;9;SIM;SIM
2023;15940;FIGUEIRA;4032;13022;17054;8.3496;30.6797;13.6328;14;8.0191;12.9221;9.1794;9;SIM;NÃO
2022;15940;FIGUEIRA;3966;12841;16807;7.3174;32.714;13.3202;15;5.5851;12.1567;7.1383;10;SIM;SIM
2025;15941;JAGUARIAIVA;2886;15023;17909;7.2018;52.4244;14.5041;10;4.1617;17.5697;6.3278;7;NÃO;SIM
2024;15941;JAGUARIAIVA;2845;14805;17650;9.9495;52.1137;16.7466;10;5.1323;19.1273;7.3883;8;NÃO;SIM
2023;15941;JAGUARIAIVA;2802;14557;17355;10.5613;60.3988;18.6293;10;5.758;20.7669;8.1866;8;NÃO;NÃO
2022;15941;JAGUARIAIVA;2783;14340;17117;8.1449;68.5355;17.9398;11;6.4018;26.3977;9.6443;9;NÃO;NÃO
2025;15943;MARINGA;6050;43898;49948;3.3677;10.5315;4.214;6;2.9444;5.6086;3.2578;4;SIM;SIM
2024;15943;MARINGA;5637;42828;48465;4.8294;14.9352;5.98;6;5.1707;10.8996;5.8187;4;SIM;NÃO
2023;15943;MARINGA;5193;41705;46898;5.3738;15.1418;6.4357;6;3.3276;7.7947;3.8132;5;NÃO;SIM
2022;15943;MARINGA;4761;40697;45458;5.7757;14.3307;6.6522;7;6.5673;9.654;6.884;5;SIM;NÃO
2025;15945;ALTO PARANA;3037;18852;21889;5.8427;25.2564;8.5188;9;4.5;9.8028;5.2306;6;SIM;SIM
2024;15945;ALTO PARANA;2979;18676;21620;5.322;24.894;8.0042;9;3.3296;9.7421;4.2091;6;SIM;SIM
2023;15945;ALTO PARANA;2894;18381;21275;3.23;23.8846;6.0359;9;2.5551;8.5;3.3627;7;SIM;SIM
2022;15945;ALTO PARANA;2856;18238;21094;4.9539;25.1003;7.6754;9;4.2559;9.886;5.0165;7;SIM;SIM
2025;15946;CANTEIRO SEGREDO;6220;11575;17795;8.6483;26.7797;15.004;16;8.0066;13.0716;9.7815;9;SIM;NÃO
2024;15946;CANTEIRO SEGREDO;6146;11343;17489;9.2;40.3271;20.1869;16;10.6211;22.0892;14.6711;10;NÃO;NÃO
2023;15946;CANTEIRO SEGREDO;6064;11082;17146;9.7669;33.3068;18.0761;17;9.0965;16.1877;11.5986;10;NÃO;NÃO
2022;15946;CANTEIRO SEGREDO;5958;10920;16878;13.6424;34.7532;21.0947;17;13.4624;17.1497;14.7638;11;NÃO;NÃO
2025;15947;IMBITUVA;10220;13760;23980;8.7921;17.5256;12.5235;16;7.8372;13.8702;10.4141;9;SIM;NÃO
2024;15947;IMBITUVA;10073;13551;23623;9.1707;19.5101;13.5807;16;7.2603;12.7411;9.5981;10;SIM;SIM
2023;15947;IMBITUVA;9847;13217;23064;6.7703;21.9905;13.2536;17;5.6613;12.4364;8.5477;10;SIM;SIM
2022;15947;IMBITUVA;9655;12996;22651;8.1512;24.402;15.0965;17;6.229;14.466;9.7484;11;SIM;SIM
2025;15948;PILARZINHO;1048;51167;51898;4.3062;18.3494;4.3382;6;3.1163;7.8495;3.1213;4;SIM;SIM
2024;15948;PILARZINHO;96;50496;50587;6.9045;31.1743;6.9502;7;6.9294;18.2816;6.9509;4;SIM;NÃO
2023;15948;PILARZINHO;93;49136;49229;6.3718;16.1126;6.3894;7;6.0459;12.8835;6.0581;5;SIM;NÃO
2022;15948;PILARZINHO;92;47759;47847;4.6943;24.762;4.732;8;3.3036;14.0983;3.3238;5;SIM;SIM
2025;15950;TUNAS;7404;6076;13480;13.4969;65.0804;41.7489;15;12.7538;26.0538;20.0378;8;NÃO;NÃO
2024;15950;TUNAS;7203;5986;13189;27.7646;74.6097;53.3134;15;21.3159;33.1646;27.7784;8;NÃO;NÃO
2023;15950;TUNAS;7029;5919;12948;21.9963;62.0326;43.6854;16;17.0048;26.4994;22.1499;9;NÃO;NÃO
2022;15950;TUNAS;6881;5830;12711;20.4633;73.123;48.8354;16;11.5743;20.9515;16.6292;9;NÃO;NÃO
2025;15951;AFONSO PENA;5;29364;29369;2.3877;13.1475;2.3892;6;1.6108;9.5;1.6119;5;SIM;SIM
2024;15951;AFONSO PENA;3;28794;28797;3.673;7.55;3.6734;7;2.4845;10;2.4853;5;SIM;SIM
2023;15951;AFONSO PENA;3;27801;27804;3.3871;14.3833;3.3881;7;2.3227;8;2.3231;5;SIM;SIM
2022;15951;AFONSO PENA;0;27035;27035;3.493;0;3.493;8;2.6336;0;2.6336;6;SIM;SIM
2025;15952;ALMIRANTE TAMANDARE;2327;14634;16951;9.7436;44.2542;14.4818;10;6.1895;23.4975;8.5648;8;NÃO;NÃO
2024;15952;ALMIRANTE TAMANDARE;2310;14478;16773;9.557;48.4851;14.8989;10;7.7166;22.9246;9.8042;8;NÃO;NÃO
2023;15952;ALMIRANTE TAMANDARE;2259;14286;16540;7.5543;41.284;12.1859;11;4.1946;20.7401;6.4649;8;NÃO;SIM
2022;15952;ALMIRANTE TAMANDARE;2218;13852;16070;7.4797;82.4439;17.7896;11;5.1126;31.4107;8.7295;9;NÃO;SIM
2025;15953;ARAPOTI;1330;12407;13733;7.5917;37.9962;10.4876;10;4.8252;12.4839;5.5553;8;NÃO;SIM
2024;15953;ARAPOTI;1533;12286;13552;6.6162;35.6984;9.7308;11;4.1003;12.4688;5.0112;8;SIM;SIM
2023;15953;ARAPOTI;1490;11871;13361;6.6175;41.9661;10.5208;11;3.8576;15.622;5.1546;8;SIM;SIM
2022;15953;ARAPOTI;1433;11685;13118;9.4308;48.6616;13.6761;12;6.7318;24.2072;8.6237;9;NÃO;SIM
2025;15954;BAIRRO ALTO;0;16108;16108;2.5064;0;2.5064;5;1.4895;0;1.4895;5;SIM;SIM
2024;15954;BAIRRO ALTO;0;15936;15936;3.3457;0;3.3457;5;1.7842;0;1.7842;5;SIM;SIM
2023;15954;BAIRRO ALTO;0;15782;15782;4.0942;0;4.0942;6;3.211;0;3.211;5;SIM;SIM
2022;15954;BAIRRO ALTO;0;15615;15615;3.5896;0;3.5896;6;2.5623;0;2.5623;5;SIM;SIM
2025;15955;BOM RETIRO;1;15918;15918;1.729;4.1167;1.7292;5;1.0153;3;1.0154;4;SIM;SIM
2024;15955;BOM RETIRO;0;15769;15769;4.4529;0;4.4529;5;3.3594;0;3.3594;4;SIM;SIM
2023;15955;BOM RETIRO;1;15569;15569;1.8008;40.0667;1.8033;6;1.0351;22;1.0365;5;SIM;SIM
2022;15955;BOM RETIRO;1;15404;15405;2.6461;18.35;2.6472;6;1.6698;13;1.6706;5;SIM;SIM
2025;15956;FAZENDA RIO GRANDE;5192;41475;41720;3.1636;7.6265;3.3656;8;2.3236;6.6229;2.7155;6;SIM;SIM
2024;15956;FAZENDA RIO GRANDE;4882;35116;39998;3.9038;9.0975;4.5051;8;3.1465;9.3785;3.8779;6;SIM;SIM
2023;15956;FAZENDA RIO GRANDE;4437;34107;38544;3.3018;10.8758;4.1589;9;3.0318;12.8495;4.1423;7;SIM;SIM
2022;15956;FAZENDA RIO GRANDE;4091;33495;37586;5.471;10.29;5.9794;9;5.0848;7.7867;5.3718;7;SIM;SIM
2025;15957;JARDIM DAS AMERICAS;0;16068;16068;2.0405;0;2.0405;5;1.428;0;1.428;5;SIM;SIM
2024;15957;JARDIM DAS AMERICAS;0;15833;15833;3.7721;0;3.7721;5;2.0472;0;2.0472;5;SIM;SIM
2023;15957;JARDIM DAS AMERICAS;0;15610;15610;2.792;0;2.792;5;1.4784;0;1.4784;5;SIM;SIM
2022;15957;JARDIM DAS AMERICAS;0;15483;15483;2.1909;0;2.1909;5;3.4219;0;3.4219;5;SIM;SIM
2025;15958;DISTRITO INDUSTRIAL DE TELEMACO BORBA;11478;24667;34612;9.8791;31.5478;16.774;14;9.3361;14.6183;11.0143;8;NÃO;NÃO
2024;15958;DISTRITO INDUSTRIAL DE TELEMACO BORBA;11388;22739;34127;7.0158;36.4963;16.8218;14;6.1674;15.4937;9.2697;8;NÃO;NÃO
2023;15958;DISTRITO INDUSTRIAL DE TELEMACO BORBA;11160;22417;33577;10.498;48.9703;23.2329;14;10.0944;21.2039;13.7713;8;NÃO;NÃO
2022;15958;DISTRITO INDUSTRIAL DE TELEMACO BORBA;10883;22073;32956;11.7861;53.2512;25.4678;15;11.862;23.7644;15.7891;9;NÃO;NÃO
2025;15959;PASSO DO IGUACU;8291;22614;30896;3.8209;20.4471;8.3057;12;2.8526;9.5285;4.6526;7;SIM;SIM
2024;15959;PASSO DO IGUACU;8209;22255;30440;4.9299;30.6643;11.8496;12;3.8827;14.3151;6.6883;7;SIM;SIM
2023;15959;PASSO DO IGUACU;8151;22054;30205;5.0653;29.2642;11.5905;13;3.3173;12.9723;5.9207;8;SIM;SIM
2022;15959;PASSO DO IGUACU;8049;21828;29877;5.3412;29.1711;11.7678;13;5.4872;13.7816;7.7241;8;SIM;SIM
2025;15961;SEMIRAMIS;414;56756;57170;3.1721;44.3594;3.4708;6;2.2349;14.2073;2.3217;5;SIM;SIM
2024;15961;SEMIRAMIS;407;54935;55337;3.0505;21.8963;3.1895;6;1.769;6.8749;1.8066;5;SIM;SIM
2023;15961;SEMIRAMIS;405;53600;54001;2.3305;13.2737;2.413;6;1.7079;4.6857;1.7303;5;SIM;SIM
2022;15961;SEMIRAMIS;402;52035;52437;2.1997;24.442;2.3712;7;1.4842;4.8638;1.5102;6;SIM;SIM
2025;15962;MANDACARU;841;36267;37108;2.9127;1.4276;2.8796;5;1.6568;0.7491;1.6366;4;SIM;SIM
2024;15962;MANDACARU;799;35963;36759;4.54;4.699;4.5433;5;3.7771;4.4391;3.7913;4;SIM;SIM
2023;15962;MANDACARU;755;35241;35995;4.1993;3.4411;4.1843;5;3.0839;3.595;3.0943;4;SIM;SIM
2022;15962;MANDACARU;703;34422;35120;4.6946;3.9885;4.6802;6;3.5306;3.6544;3.5309;4;SIM;SIM
2025;15963;NOVA ESPERANCA;2374;16261;18632;6.136;20.403;7.9597;7;4.4933;8.7405;5.0362;6;NÃO;SIM
2024;15963;NOVA ESPERANCA;2354;16103;18455;4.087;18.3066;5.8921;7;2.5667;6.1055;3.0158;6;SIM;SIM
2023;15963;NOVA ESPERANCA;2520;15942;18218;4.2172;25.9954;6.9457;8;3.7071;8.1272;4.2655;6;SIM;SIM
2022;15963;NOVA ESPERANCA;2506;15481;17987;4.2791;12.8625;5.471;8;3.2476;5.9676;3.6254;6;SIM;SIM
2025;15964;MARIALVA;3226;20684;23910;4.0353;14.3521;5.4218;7;3.0449;6.2111;3.4698;6;SIM;SIM
2024;15964;MARIALVA;3104;20223;23327;4.6411;16.2861;6.1663;7;2.6498;7.3724;3.2693;6;SIM;SIM
2023;15964;MARIALVA;2923;19938;22861;4.7972;20.938;6.7931;7;3.0057;9.4993;3.8064;6;SIM;SIM
2022;15964;MARIALVA;2723;19627;22350;5.1059;18.4407;6.7142;7;4.0388;10.2062;4.7828;6;SIM;SIM
2025;15965;JARDIM CANADA;0;28267;28267;0.8387;0;0.8387;5;0.6779;0;0.6779;4;SIM;SIM
2024;15965;JARDIM CANADA;0;27784;27784;1.248;0;1.248;5;0.9853;0;0.9853;4;SIM;SIM
2023;15965;JARDIM CANADA;0;26985;26985;1.7969;0;1.7969;5;0.9781;0;0.9781;5;SIM;SIM
2022;15965;JARDIM CANADA;0;26393;26393;1.5246;0;1.5246;5;1.4954;0;1.4954;5;SIM;SIM
2025;15966;IBAITI;5336;17925;23261;5.9366;23.1222;9.8601;12;3.1856;7.7847;4.2348;8;SIM;SIM
2024;15966;IBAITI;5177;17691;22868;4.1288;26.9792;9.2719;13;3.041;10.7988;4.7875;8;SIM;SIM
2023;15966;IBAITI;5018;17480;22498;4.9142;28.3387;10.0981;13;3.5281;9.5609;4.8596;9;SIM;SIM
2022;15966;IBAITI;4842;17383;22224;6.9792;23.6398;10.5841;14;4.7125;11.1504;6.1058;9;SIM;SIM
2025;15967;CHOPINZINHO;3113;9195;12303;4.9828;22.7753;9.5142;12;3.1865;10.3732;5.0152;8;SIM;SIM
2024;15967;CHOPINZINHO;3089;8986;12064;5.1044;28.4738;11.1073;12;3.9288;9.1278;5.264;8;SIM;SIM
2023;15967;CHOPINZINHO;3079;8895;11973;6.9545;27.156;12.1664;12;8.7456;15.0377;10.3675;8;NÃO;NÃO
2022;15967;CHOPINZINHO;3071;8759;11822;6.9347;26.8588;12.1285;12;6.8811;14.7573;8.9337;8;NÃO;NÃO
2025;15968;CONCORDIA;2496;37801;40297;5.158;26.2863;6.4677;7;4.5116;12.4982;5.0065;6;SIM;SIM
2024;15968;CONCORDIA;2443;36807;39250;4.8762;31.76;6.5541;8;3.3967;15.9817;4.1822;6;SIM;SIM
2023;15968;CONCORDIA;2417;36226;38643;4.2213;32.2246;5.9772;8;3.8658;17.0134;4.6897;6;SIM;SIM
2022;15968;CONCORDIA;2388;35468;37835;4.2717;28.5736;5.7991;9;3.5683;15.9813;4.3477;7;SIM;SIM
2025;15969;BACACHERI;0;46180;46180;1.508;0;1.508;5;0.957;0;0.957;4;SIM;SIM
2024;15969;BACACHERI;0;45471;45471;1.5431;0;1.5431;5;0.885;0;0.885;4;SIM;SIM
2023;15969;BACACHERI;0;44744;44744;1.3351;0;1.3351;5;1.117;0;1.117;5;SIM;SIM
2022;15969;BACACHERI;0;44024;44024;2.0889;0;2.0889;5;1.7117;0;1.7117;5;SIM;SIM
2025;15970;RIO BRANCO DO SUL;6446;21695;28139;15.0874;40.8796;20.9484;13;14.7316;30.6964;18.3567;7;NÃO;NÃO
2024;15970;RIO BRANCO DO SUL;6237;21388;27625;12.931;58.3901;23.1444;13;10.9425;33.9736;16.1204;8;NÃO;NÃO
2023;15970;RIO BRANCO DO SUL;6030;21024;27032;9.3623;51.1621;18.6309;14;6.9642;30.8096;12.2502;8;NÃO;NÃO
2022;15970;RIO BRANCO DO SUL;6204;20726;26571;9.0264;61.1037;20.8889;15;9.616;32.5752;14.8036;9;NÃO;NÃO
2025;15971;MERCES;0;41678;41678;1.9681;0;1.9681;5;1.2712;0;1.2712;4;SIM;SIM
2024;15971;MERCES;0;41377;41377;2.2462;0;2.2462;5;1.4511;0;1.4511;4;SIM;SIM
2023;15971;MERCES;0;40947;40947;1.4463;0;1.4463;5;0.9411;0;0.9411;5;SIM;SIM
2022;15971;MERCES;0;40377;40377;2.552;0;2.552;5;1.6893;0;1.6893;5;SIM;SIM
2025;15972;GUATUPE;60;44677;44736;4.3233;35.0504;4.3639;6;3.3162;15.6749;3.3326;5;SIM;SIM
2024;15972;GUATUPE;55;43606;43661;3.8641;24.791;3.8891;7;3.4015;14.4431;3.4147;5;SIM;SIM
2023;15972;GUATUPE;51;42925;42976;6.0152;24.4942;6.0367;7;4.4984;14.9392;4.5106;5;SIM;SIM
2022;15972;GUATUPE;48;41914;41962;5.9356;31.5401;5.9628;8;5.2042;17.3236;5.217;6;SIM;SIM
2025;15973;COLOMBO;5614;10466;16080;12.2161;27.1799;17.4304;10;12.48;18.7004;14.6478;8;NÃO;NÃO
2024;15973;COLOMBO;5421;10303;15657;14.0323;29.3139;19.2008;10;11.1865;16.2067;12.8844;8;NÃO;NÃO
2023;15973;COLOMBO;5150;10129;15279;10.4851;23.0629;14.7082;11;11.5674;15.9946;13.0544;8;NÃO;NÃO
2022;15973;COLOMBO;5011;9996;15007;9.5262;31.1918;16.7747;11;7.281;16.7715;10.4563;9;NÃO;NÃO
2025;15974;CAPANEMA;1;32474;32475;1.7406;2.35;1.7407;4;0.9894;2;0.9895;4;SIM;SIM
2024;15974;CAPANEMA;0;31345;31345;2.0574;0;2.0574;4;1.2856;0;1.2856;4;SIM;SIM
2023;15974;CAPANEMA;0;30744;30744;1.2309;0;1.2309;4;0.5556;0;0.5556;4;SIM;SIM
2022;15974;CAPANEMA;0;30108;30108;2.144;0;2.144;4;1.4003;0;1.4003;4;SIM;SIM
2025;16754;AGUA VERDE;0;39089;39089;1.9138;0;1.9138;5;1.2784;0;1.2784;4;SIM;SIM
2024;16754;AGUA VERDE;0;38606;38606;2.4663;0;2.4663;5;1.3923;0;1.3923;4;SIM;SIM
2023;16754;AGUA VERDE;0;37786;37786;1.1352;0;1.1352;5;0.8781;0;0.8781;4;SIM;SIM
2022;16754;AGUA VERDE;0;37130;37130;2.7533;0;2.7533;5;2.6532;0;2.6532;4;SIM;SIM
2025;16755;APUCARANA;3608;50316;53902;7.0182;24.8084;8.2121;7;5.9763;9.0157;6.1802;5;NÃO;NÃO
2024;16755;APUCARANA;3563;49762;53325;3.4703;18.0286;4.4217;7;2.4218;6.9139;2.7159;5;SIM;SIM
2023;16755;APUCARANA;3387;49457;52844;4.4151;22.5763;5.5655;7;4.1674;8.828;4.4625;6;SIM;SIM
2022;16755;APUCARANA;3276;48712;51988;2.9262;20.2245;4.0191;8;2.2747;8.1121;2.6437;6;SIM;SIM
2025;16756;ASSIS CHATEAUBRIAND;5436;28069;33505;8.0775;23.5177;10.6014;10;5.3299;12.2753;6.466;7;NÃO;SIM
2024;16756;ASSIS CHATEAUBRIAND;5323;27228;32551;6.9751;23.7083;9.7017;10;6.7564;15.3083;8.1497;7;SIM;NÃO
2023;16756;ASSIS CHATEAUBRIAND;5241;26773;31972;9.2626;30.444;12.7393;10;8.1268;15.9765;9.4144;7;NÃO;NÃO
2022;16756;ASSIS CHATEAUBRIAND;5231;26308;31539;7.0679;23.9989;9.8702;11;5.8431;11.3642;6.7566;8;SIM;SIM
2025;16757;BARBOSA FERRAZ;2143;7652;9795;4.656;22.4865;8.5062;11;2.4951;8.5282;3.7971;7;SIM;SIM
2024;16757;BARBOSA FERRAZ;2023;7528;9551;6.6549;33.8494;12.4078;11;2.9738;10.8502;4.6405;7;NÃO;SIM
2023;16757;BARBOSA FERRAZ;2036;7487;9518;5.585;31.1692;11.0383;11;3.6497;10.5737;5.1263;7;NÃO;SIM
2022;16757;BARBOSA FERRAZ;2035;7471;9494;4.6153;27.6983;9.5582;12;2.3028;9.1854;3.7766;8;SIM;SIM
2025;16758;BATEL;0;42674;42674;1.0254;0;1.0254;5;0.5318;0;0.5318;3;SIM;SIM
2024;16758;BATEL;0;41880;41880;1.3236;0;1.3236;5;1.0791;0;1.0791;3;SIM;SIM
2023;16758;BATEL;0;41315;41315;1.7591;0;1.7591;5;0.8689;0;0.8689;3;SIM;SIM
2022;16758;BATEL;0;40527;40527;1.6579;0;1.6579;5;1.4251;0;1.4251;3;SIM;SIM
2025;16759;BOQUEIRAO;1;38370;38371;3.8681;9.3833;3.8683;6;2.7511;8;2.7512;4;SIM;SIM
2024;16759;BOQUEIRAO;1;38053;38054;3.5029;2.6167;3.5029;6;2.4324;2;2.4324;4;SIM;SIM
2023;16759;BOQUEIRAO;1;37696;37697;2.6875;12.6;2.6878;6;1.5237;12;1.5239;5;SIM;SIM
2022;16759;BOQUEIRAO;1;37142;37143;3.7508;0.2;3.7508;7;2.074;1;2.074;5;SIM;SIM
2025;16760;CAFELANDIA DO OESTE;3646;21635;25279;6.4667;28.8265;9.6996;10;5.2889;14.0299;6.5527;7;SIM;SIM
2024;16760;CAFELANDIA DO OESTE;3571;21303;24854;6.74;30.741;9.9929;10;5.6586;13.7247;6.751;7;SIM;SIM
2023;16760;CAFELANDIA DO OESTE;3250;20890;24140;8.7419;37.119;12.5473;10;8.3445;18.0362;9.6441;7;NÃO;NÃO
2022;16760;CAFELANDIA DO OESTE;3171;20573;23743;8.4467;39.3094;12.5783;11;8.1387;16.9434;9.3176;8;NÃO;NÃO
2025;16761;CAMBE;2125;17068;19193;1.6502;14.3861;3.0367;6;1.0276;5.6324;1.5292;5;SIM;SIM
2024;16761;CAMBE;2038;16891;18929;1.4404;14.1632;2.7808;6;1.1315;7.4028;1.7908;5;SIM;SIM
2023;16761;CAMBE;1934;16692;18626;2.1355;11.2336;3.0808;6;1.3295;4.4478;1.6533;5;SIM;SIM
2022;16761;CAMBE;1865;16163;18022;2.2739;8.6846;2.936;7;1.6045;4.0899;1.861;6;SIM;SIM
2025;16762;HAUER;0;18786;18786;2.5112;0;2.5112;5;1.984;0;1.984;4;SIM;SIM
2024;16762;HAUER;0;18625;18625;4.3054;0;4.3054;5;2.8142;0;2.8142;4;SIM;SIM
2023;16762;HAUER;0;18540;18540;2.7754;0;2.7754;5;2.0051;0;2.0051;5;SIM;SIM
2022;16762;HAUER;0;18443;18443;2.2007;0;2.2007;6;1.3902;0;1.3902;5;SIM;SIM
2025;16763;LONDRINA;370;24643;25011;3.8005;7.205;3.8461;6;2.8504;2.1202;2.8396;5;SIM;SIM
2024;16763;LONDRINA;333;24479;24812;3.1702;3.168;3.1703;6;4.2832;4.8574;4.2908;5;SIM;SIM
2023;16763;LONDRINA;308;24065;24371;3.0534;3.2237;3.0557;6;2.8467;1.432;2.8293;5;SIM;SIM
2022;16763;LONDRINA;272;23486;23757;1.8713;1.178;1.8639;7;1.5081;1.3368;1.5063;6;SIM;SIM
2025;16764;MANDAGUARI;2420;25283;27703;4.1818;18.2608;5.3824;6;2.8104;7.0132;3.1689;6;SIM;SIM
2024;16764;MANDAGUARI;2285;25100;27385;4.8905;15.4344;5.7468;6;3.8194;7.4137;4.1114;6;SIM;SIM
2023;16764;MANDAGUARI;2140;24926;27043;5.3491;19.4138;6.4358;7;3.9411;7.5479;4.2193;6;SIM;SIM
2022;16764;MANDAGUARI;2030;24835;26865;2.6175;19.0309;3.8344;7;2.2478;7.945;2.6702;6;SIM;SIM
2025;16765;NOVO MUNDO;0;27074;27074;3.564;0;3.564;5;2.9825;0;2.9825;4;SIM;SIM
2024;16765;NOVO MUNDO;0;26782;26782;4.1669;0;4.1669;5;3.467;0;3.467;4;SIM;SIM
2023;16765;NOVO MUNDO;0;26488;26488;2.7059;0;2.7059;6;2.6116;0;2.6116;5;SIM;SIM
2022;16765;NOVO MUNDO;0;26239;26239;3.6535;0;3.6535;6;3.0444;0;3.0444;5;SIM;SIM
2025;16766;PAROLIN;0;22186;22186;2.4312;0;2.4312;5;1.8164;0;1.8164;4;SIM;SIM
2024;16766;PAROLIN;0;22039;22039;3.6777;0;3.6777;5;2.1851;0;2.1851;4;SIM;SIM
2023;16766;PAROLIN;0;21673;21673;2.9532;0;2.9532;5;2.12;0;2.12;5;SIM;SIM
2022;16766;PAROLIN;0;21467;21467;2.7653;0;2.7653;5;2.3128;0;2.3128;5;SIM;SIM
2025;16767;PINHEIRINHO;0;65625;65625;3.5728;0;3.5728;5;3.231;0;3.231;4;SIM;SIM
2024;16767;PINHEIRINHO;0;65167;65167;3.7471;0;3.7471;5;3.4638;0;3.4638;4;SIM;SIM
2023;16767;PINHEIRINHO;0;64640;64640;3.5718;0;3.5718;6;3.4958;0;3.4958;5;SIM;SIM
2022;16767;PINHEIRINHO;0;64121;64121;4.2114;0;4.2114;6;3.1034;0;3.1034;5;SIM;SIM
2025;16768;PINHEIROS;6035;52938;58973;5.3559;42.0934;9.1271;9;5.1319;22.2536;6.8892;6;NÃO;NÃO
2024;16768;PINHEIROS;5923;51693;57612;4.9761;46.7418;9.3036;9;4.2442;24.418;6.3339;6;NÃO;NÃO
2023;16768;PINHEIROS;5891;50513;56404;5.0222;48.5092;9.575;9;5.3519;23.5426;7.258;6;NÃO;NÃO
2022;16768;PINHEIROS;5823;49513;55336;6.5415;59.554;12.1519;10;7.3413;29.2115;9.6543;7;NÃO;NÃO
2025;16769;PRAIA DE LESTE;1323;48885;50208;6.2053;19.9562;6.5666;7;4.0327;7.9535;4.1359;6;SIM;SIM
2024;16769;PRAIA DE LESTE;1292;47887;49179;9.9855;21.2631;10.2808;7;5.6253;7.0682;5.6629;6;NÃO;SIM
2023;16769;PRAIA DE LESTE;1259;46987;48246;8.1597;33.6938;8.8239;8;7.4558;15.3883;7.6615;7;NÃO;NÃO
2022;16769;PRAIA DE LESTE;1215;45818;47033;10.9597;57.0124;12.1421;8;7.5841;19.0212;7.8771;7;NÃO;NÃO
2025;16770;PRUDENTOPOLIS;12039;18035;30065;7.0518;18.8939;11.8104;17;5.1688;9.5393;6.9246;10;SIM;SIM
2024;16770;PRUDENTOPOLIS;11943;17691;29634;6.4809;20.2185;12.0265;17;7.2311;9.1593;8.0087;10;SIM;SIM
2023;16770;PRUDENTOPOLIS;11754;17323;29077;7.7853;22.3627;13.6797;18;8.2002;12.6078;9.983;11;SIM;SIM
2022;16770;PRUDENTOPOLIS;11577;17023;28600;7.8145;20.4604;12.9351;18;8.6697;13.4644;10.6111;11;SIM;SIM
2025;16771;SANTA QUITERIA;0;45451;45451;2.1639;0;2.1639;5;1.4384;0;1.4384;4;SIM;SIM
2024;16771;SANTA QUITERIA;0;44591;44591;4.2469;0;4.2469;5;2.8876;0;2.8876;4;SIM;SIM
2023;16771;SANTA QUITERIA;0;43735;43735;2.3929;0;2.3929;5;1.6387;0;1.6387;5;SIM;SIM
2022;16771;SANTA QUITERIA;0;42990;42990;3.8958;0;3.8958;5;2.9287;0;2.9287;5;SIM;SIM
2025;16772;SAO PEDRO DO IVAI;3767;15693;19460;4.795;16.8166;7.0922;9;2.6921;6.2591;3.3734;6;SIM;SIM
2024;16772;SAO PEDRO DO IVAI;3641;15609;19250;5.2287;15.676;7.1929;9;2.426;5.5468;3.0128;6;SIM;SIM
2023;16772;SAO PEDRO DO IVAI;3556;15485;19039;4.6513;22.4402;7.9472;9;2.8564;7.38;3.6944;7;SIM;SIM
2022;16772;SAO PEDRO DO IVAI;3447;15404;18851;5.7992;19.1641;8.2254;10;3.3637;7.2796;4.0744;7;SIM;SIM
2025;16773;SITIO CERCADO;0;21574;21574;3.8153;0;3.8153;5;2.9811;0;2.9811;4;SIM;SIM
2024;16773;SITIO CERCADO;0;21273;21273;4.0729;0;4.0729;5;2.6207;0;2.6207;4;SIM;SIM
2023;16773;SITIO CERCADO;0;21049;21049;4.0026;0;4.0026;6;2.2833;0;2.2833;5;SIM;SIM
2022;16773;SITIO CERCADO;0;20807;20807;3.5663;0;3.5663;6;2.8158;0;2.8158;5;SIM;SIM
2025;16774;TATUQUARA;0;44586;44586;4.7704;0;4.7704;6;4.3883;0;4.3883;5;SIM;SIM
2024;16774;TATUQUARA;0;43156;43156;7.7661;0;7.7661;6;5.2847;0;5.2847;5;NÃO;NÃO
2023;16774;TATUQUARA;0;41873;41873;4.8082;0;4.8082;6;4.2944;0;4.2944;6;SIM;SIM
2022;16774;TATUQUARA;0;40397;40397;4.3803;0;4.3803;7;3.4171;0;3.4171;6;SIM;SIM
2025;16775;UBERABA;2;53380;53382;3.3287;8.0833;3.3289;4;2.1542;7;2.1544;4;SIM;SIM
2024;16775;UBERABA;2;52702;52704;3.9903;2.5417;3.9903;4;2.9723;6.5;2.9724;4;SIM;SIM
2023;16775;UBERABA;2;51949;51950;3.1636;6.9417;3.1638;5;2.58;6;2.5801;5;SIM;SIM
2022;16775;UBERABA;2;51478;51480;3.858;0.1667;3.8579;5;3.0269;0.5;3.0269;5;SIM;SIM
2025;16776;UBIRATA;5437;25109;30491;6.2715;26.9403;9.9527;12;5.4863;13.8592;6.9776;8;SIM;SIM
2024;16776;UBIRATA;5331;24702;30033;6.2658;32.0428;10.839;12;5.3537;15.271;7.1129;8;SIM;SIM
2023;16776;UBIRATA;5226;24314;29538;7.9509;31.0707;12.039;13;4.4474;11.5953;5.7112;9;SIM;SIM
2022;16776;UBIRATA;5164;24019;29179;6.257;37.9757;11.8734;13;4.03;13.2106;5.6557;9;SIM;SIM
2025;16780;SIQUEIRA CAMPOS;14531;42072;56603;7.1341;21.449;10.7936;11;4.8031;8.0032;5.6215;7;SIM;SIM
2024;16780;SIQUEIRA CAMPOS;14179;41534;55713;7.2927;21.4253;10.8679;11;5.817;9.8728;6.8435;8;SIM;SIM
2023;16780;SIQUEIRA CAMPOS;13830;41169;54999;6.4565;26.787;11.5454;11;5.6796;10.6079;6.9128;8;NÃO;SIM
2022;16780;SIQUEIRA CAMPOS;13515;40680;54195;4.827;21.4403;8.9421;12;5.547;10.3243;6.7293;9;SIM;SIM
